name,birth_date
Nadia,1934-06-15 03:48:09
Alan,2017-10-23 02:34:53
Valerie,1922-07-27 10:53:40
Clementine,1900-06-07 08:16:35
Clementine,1979-11-28 05:39:56
Nedra,1920-04-18 02:14:10
Lorraine,1959-01-06 11:09:29
Voncile,1908-11-02 08:06:47
Valerie,1911-06-07 04:06:08
Clementine,1936-02-20 00:59:56
Kristina,1995-11-15 03:59:53
Lorraine,1959-02-21 06:21:25
Linda,1959-08-16 10:43:18
Katrina,1916-10-22 02:16:39
Daniel,1909-06-09 04:25:08
Kristina,1959-04-12 09:41:23
Kristina,1967-04-24 09:54:49
Lorraine,1908-06-25 09:09:47
Nadia,1960-02-20 09:22:01
Nadia,1909-03-03 02:42:17
Olive,1953-09-19 05:39:48
Kristina,1982-02-25 10:24:30
Nadia,1949-02-04 01:44:46
Alan,1979-05-26 10:13:48
Voncile,1926-02-18 11:31:46
Nadia,1901-03-07 04:21:26
Mollie,1944-01-02 03:19:08
Olive,1945-07-11 10:05:37
Daniel,1965-01-18 07:07:30
Catherine,1920-11-22 03:18:15
Linda,2018-12-20 03:24:34
Linda,1942-11-13 10:46:09
Catherine,1931-11-13 06:48:53
Daniel,1904-10-11 09:54:53
Alan,1986-07-14 07:08:39
Elisha,1992-02-19 04:12:46
Kanesha,1900-06-19 06:34:00
Olive,1987-08-09 00:59:08
Elisha,2006-04-12 06:18:42
Alan,2003-01-26 09:59:36
Valerie,2014-04-25 00:07:27
Nadia,1921-04-15 12:12:30
Clementine,1910-03-25 12:34:43
Voncile,1920-01-11 08:38:24
Mike,1990-05-05 00:51:59
Elisha,1946-03-03 02:14:19
Daniel,1967-08-01 00:45:06
Alan,1916-05-26 10:43:34
Nedra,1900-06-18 07:07:01
Mollie,1988-04-18 10:07:33
Daniel,1951-05-27 01:41:43
Mike,2003-02-17 01:20:50
Kristina,1930-09-04 04:01:45
Nedra,1955-07-09 07:12:05
Katrina,1925-07-25 07:17:57
Linda,1990-10-04 04:43:20
Valerie,1910-10-14 12:01:23
Voncile,1949-04-16 12:22:48
Catherine,2003-02-10 01:55:25
Nadia,2008-12-04 00:01:03
Catherine,1960-06-28 08:03:20
Mollie,1952-06-13 08:05:10
Olive,1991-08-20 02:48:39
Daniel,1903-08-28 04:25:14
Kristina,1988-01-15 06:46:10
Nedra,1934-12-05 05:47:21
Mike,2004-09-13 04:33:36
Alan,1968-02-02 03:26:58
Alan,2010-02-15 06:23:54
Kristina,1976-08-18 09:43:30
Kristina,1966-03-22 05:32:08
Nadia,2012-12-15 06:34:34
Valerie,1903-01-21 11:07:05
Valerie,1940-06-13 11:43:58
Catherine,1917-06-26 06:55:40
Kristina,1963-09-10 02:54:27
Catherine,1972-10-17 04:13:59
Kristina,1944-09-17 05:29:51
Kristina,1926-01-04 06:18:05
Nedra,1904-09-22 08:16:43
Alan,1929-04-02 09:41:33
Lorraine,1912-04-25 02:49:45
Katrina,1996-02-12 11:53:31
Nedra,1921-08-11 01:23:20
Alan,1957-11-15 12:13:15
Voncile,1977-08-28 10:23:10
Nadia,1939-07-16 00:54:26
Nedra,1929-03-26 05:57:34
Nedra,1997-03-17 08:15:03
Lorraine,2013-01-15 03:28:08
Voncile,1956-06-23 11:46:21
Voncile,1958-07-13 04:40:34
Mollie,1939-10-20 06:26:11
Daniel,1995-12-03 02:34:08
Voncile,2017-10-23 08:44:38
Valerie,1970-06-25 12:28:32
Kanesha,2009-07-20 06:10:30
Katrina,1926-09-20 01:11:58
Mollie,2001-01-10 00:25:49
Lorraine,1956-06-20 04:21:59
Alan,1924-11-11 07:31:35
Nadia,1960-03-10 00:43:11
Clementine,1951-08-25 00:26:07
Mike,1964-02-16 02:05:54
Daniel,1992-01-13 08:06:36
Olive,1954-10-16 07:23:34
Katrina,1986-08-26 09:13:43
Daniel,1918-04-24 12:57:39
Mike,1948-05-25 09:53:22
Mike,2015-01-12 10:35:56
Kanesha,1999-01-27 04:02:32
Catherine,1919-09-19 02:11:17
Nedra,1951-06-12 00:05:38
Olive,1977-08-20 07:15:47
Elisha,1910-06-18 00:30:12
Mollie,2004-06-11 00:40:05
Nadia,2013-10-25 06:20:05
Valerie,1961-01-15 11:00:33
Clementine,1928-10-20 09:18:47
Nedra,1972-06-13 03:30:35
Alan,1987-04-10 10:18:50
Olive,1998-11-01 04:00:27
Valerie,1912-02-13 07:54:02
Linda,1978-01-06 11:13:22
Kristina,1935-01-14 01:55:02
Linda,1974-04-25 07:06:20
Valerie,2012-12-08 00:41:18
Olive,1923-11-16 08:49:47
Katrina,1925-11-28 05:13:39
Nadia,1988-10-01 12:37:31
Alan,2006-08-10 10:59:28
Olive,1986-06-05 00:01:21
Elisha,1931-01-24 11:56:17
Katrina,1902-01-22 05:08:20
Mike,2008-04-26 04:40:08
Katrina,1931-03-24 00:14:54
Alan,1960-06-19 00:38:16
Kanesha,1963-03-11 00:18:31
Elisha,1956-06-25 00:29:25
Katrina,1963-07-10 05:17:12
Daniel,1995-06-18 05:44:58
Valerie,1950-10-22 03:27:13
Mike,1988-04-13 00:39:23
Nadia,1973-09-17 09:11:46
Alan,1966-12-15 05:12:07
Linda,1992-11-05 04:07:22
Kristina,1920-07-15 11:19:36
Kristina,1905-01-01 11:23:42
Mike,1925-06-23 06:35:22
Katrina,1992-03-15 02:29:38
Clementine,1999-09-26 03:05:51
Valerie,1980-12-04 06:24:41
Daniel,1990-05-16 10:01:03
Lorraine,1993-12-08 11:31:05
Nadia,1921-08-07 12:13:50
Valerie,1922-03-24 00:45:34
Mike,1954-12-12 02:58:08
Kanesha,2000-04-06 09:34:18
Nadia,1944-12-25 00:59:35
Elisha,1960-08-06 02:20:46
Lorraine,1984-09-25 01:03:39
Lorraine,1924-08-24 10:34:40
Mike,2015-04-14 06:56:44
Olive,1931-08-09 01:03:57
Kristina,1907-01-09 00:10:35
Daniel,1937-12-04 03:05:45
Mike,1943-04-16 04:06:17
Alan,1926-01-14 03:58:28
Olive,1932-12-14 01:10:50
Nadia,1972-11-22 09:55:22
Daniel,2004-01-13 06:09:08
Catherine,1962-09-21 01:06:45
Elisha,2004-03-27 10:19:43
Mollie,1996-08-07 06:37:56
Voncile,1944-11-21 08:50:33
Valerie,1906-12-19 02:48:08
Mollie,2016-03-20 04:08:51
Nedra,1941-06-26 08:18:49
Olive,1934-01-19 07:55:01
Alan,1959-12-27 03:48:26
Nadia,1981-04-07 00:11:52
Lorraine,1925-02-12 08:09:02
Katrina,1954-07-25 07:37:24
Clementine,1921-11-08 08:40:12
Nedra,2002-09-18 01:07:12
Valerie,1975-03-12 10:40:38
Lorraine,1906-01-10 03:57:22
Catherine,2010-03-26 05:10:26
Alan,1999-02-08 10:50:12
Linda,1944-08-19 05:29:51
Catherine,1903-02-02 04:40:12
Mollie,1986-10-11 12:29:10
Voncile,1929-03-28 02:32:33
Olive,1930-04-08 08:24:48
Kristina,2007-07-20 10:10:58
Daniel,1921-11-01 12:12:21
Clementine,2009-07-23 05:50:27
Nedra,1923-11-10 08:37:23
Katrina,1954-07-01 02:26:29
Olive,2002-10-12 04:53:15
Katrina,1932-09-07 03:28:34
Lorraine,1971-03-08 03:18:28
Katrina,1998-06-08 07:10:17
Olive,1909-04-05 04:34:33
Alan,1956-02-02 03:10:33
Kristina,1979-02-04 02:53:19
Nadia,1996-02-16 00:17:57
Linda,1945-12-05 06:38:22
Kanesha,1944-01-10 02:19:42
Lorraine,2002-06-08 04:38:53
Olive,2007-12-07 07:33:54
Catherine,2011-12-23 10:33:43
Katrina,1909-07-14 09:16:16
Lorraine,1973-12-10 01:03:53
Alan,1947-03-01 04:19:29
Elisha,1922-02-19 05:04:38
Nedra,1954-08-19 01:09:18
Catherine,1986-10-18 02:23:48
Olive,2008-08-22 00:30:47
Alan,1932-06-13 08:09:06
Linda,1961-08-09 06:57:05
Mike,1978-04-24 10:51:57
Linda,1924-06-28 10:54:00
Katrina,1967-12-26 08:14:16
Olive,2001-03-04 04:47:47
Kanesha,1944-05-11 11:22:23
Katrina,1995-03-02 07:58:58
Clementine,1981-10-06 06:19:02
Mike,1985-05-12 07:39:34
Linda,1931-04-06 11:02:10
Daniel,1997-03-26 04:13:30
Lorraine,1975-12-03 11:28:39
Alan,1984-07-21 06:26:13
Nedra,1989-12-18 01:12:29
Katrina,1913-07-02 12:39:07
Catherine,2019-06-10 06:56:03
Clementine,1988-10-13 11:26:24
Valerie,1950-12-24 00:16:15
Valerie,2010-09-21 07:35:26
Mollie,2002-07-14 12:50:28
Catherine,1961-10-23 06:31:53
Nedra,1972-01-07 03:59:20
Lorraine,1955-08-18 08:06:38
Olive,1988-02-13 05:46:28
Clementine,1914-04-02 00:54:49
Kanesha,2001-12-24 01:22:16
Clementine,1993-06-05 01:25:16
Voncile,1924-10-05 11:07:16
Daniel,1981-11-24 09:46:18
Alan,1954-11-18 10:22:09
Valerie,1982-04-15 00:26:16
Alan,1998-10-05 05:28:30
Olive,1940-09-01 09:18:40
Elisha,1964-03-28 00:21:52
Nadia,2003-04-23 09:00:55
Voncile,1930-06-15 08:23:40
Clementine,1942-11-15 09:58:57
Elisha,1951-04-22 12:03:26
Voncile,1914-09-06 07:41:51
Nadia,2004-09-10 00:50:15
Olive,1918-10-02 04:50:31
Katrina,1944-12-07 04:24:15
Voncile,1920-04-21 07:30:39
Mollie,1952-06-14 01:18:40
Kristina,1950-01-22 05:49:16
Alan,1920-10-19 06:09:07
Alan,1927-12-08 00:43:14
Kristina,1951-06-13 02:07:07
Elisha,1949-07-07 09:52:04
Katrina,2011-11-27 05:02:43
Nadia,1913-08-12 08:30:03
Daniel,2014-08-20 07:17:41
Valerie,1965-06-20 08:36:01
Katrina,1989-09-09 10:03:42
Lorraine,1967-06-05 05:12:40
Alan,1980-07-01 07:05:31
Clementine,1903-03-28 06:32:31
Kristina,1943-01-06 08:54:19
Valerie,2003-09-28 05:25:23
Linda,1905-11-05 08:58:47
Elisha,1972-09-14 02:15:52
Kanesha,1942-08-06 08:52:58
Alan,1967-02-22 03:23:41
Voncile,1928-05-05 08:16:16
Alan,1953-02-26 10:42:21
Nadia,1974-08-27 07:47:29
Valerie,1913-02-23 03:56:12
Lorraine,1946-02-24 11:29:37
Kanesha,1994-11-06 01:50:52
Clementine,1967-02-28 12:35:50
Catherine,1949-12-16 02:51:51
Mike,2016-10-16 06:51:26
Daniel,1938-02-17 04:55:18
Katrina,1924-01-02 10:36:26
Daniel,1964-09-01 03:18:07
Nedra,1964-03-27 04:40:22
Clementine,1998-10-19 00:36:47
Clementine,1949-03-14 07:19:11
Voncile,1979-11-16 07:43:46
Nedra,1900-02-04 01:47:19
Kanesha,1996-06-20 10:59:04
Elisha,2016-12-22 05:19:37
Mike,1977-07-08 10:02:15
Catherine,1903-09-07 07:46:08
Linda,1966-05-01 09:30:51
Lorraine,1987-12-22 09:04:28
Mike,1919-02-06 08:26:33
Nadia,1931-12-27 00:42:40
Linda,1980-02-06 02:00:26
Daniel,1945-07-10 02:17:40
Kristina,1935-08-03 02:59:23
Valerie,1980-07-28 02:43:14
Valerie,1907-12-02 07:44:47
Daniel,1990-01-14 06:22:11
Alan,2018-04-22 05:48:27
Alan,1967-02-28 11:01:09
Lorraine,1984-07-17 03:46:32
Mollie,1985-06-27 01:08:29
Katrina,1901-08-12 02:02:50
Kanesha,1941-11-04 02:00:02
Voncile,2015-09-10 02:11:29
Alan,1901-01-24 12:26:42
Olive,2006-02-15 00:13:12
Kristina,1956-12-13 03:47:56
Daniel,1919-10-21 02:27:04
Catherine,1989-01-11 05:41:51
Daniel,1910-10-21 09:25:24
Kanesha,1929-12-18 12:45:53
Olive,1993-01-18 01:41:26
Catherine,1930-04-06 12:27:03
Katrina,1909-10-14 11:30:17
Valerie,1917-07-18 08:11:51
Nadia,1973-04-12 07:53:49
Alan,1990-04-11 06:44:52
Daniel,1938-12-28 05:07:46
Alan,1901-06-08 04:56:38
Nadia,2009-12-27 00:19:15
Voncile,1910-10-11 07:44:47
Voncile,1941-08-03 07:29:16
Kanesha,1984-12-20 07:09:02
Nadia,1904-09-07 06:24:51
Alan,1996-04-19 05:21:15
Nedra,1919-08-11 01:53:14
Linda,1946-11-28 10:33:49
Daniel,1977-02-02 01:10:05
Voncile,1923-11-16 05:52:38
Nadia,1981-10-15 08:51:51
Valerie,1987-03-19 05:05:17
Voncile,2011-01-04 04:48:55
Valerie,1931-04-12 07:51:14
Elisha,1955-07-11 10:02:02
Lorraine,1979-11-28 12:51:48
Nadia,1929-06-07 02:06:45
Elisha,1974-02-17 04:00:30
Lorraine,1920-05-18 12:40:37
Mollie,1937-11-04 00:33:59
Olive,1928-07-10 09:15:48
Mike,2004-07-05 12:22:25
Clementine,1916-12-11 05:36:41
Kristina,2003-02-27 00:02:50
Mollie,1925-05-21 05:26:10
Valerie,1991-07-27 04:18:13
Elisha,1917-07-18 07:37:18
Lorraine,1900-08-15 05:08:29
Nedra,1948-05-24 05:07:55
Elisha,1958-12-08 04:38:07
Clementine,1977-02-23 02:59:59
Nadia,1977-02-02 00:21:26
Linda,1984-05-17 02:32:59
Kristina,1915-06-01 01:49:22
Olive,1976-12-04 07:36:46
Nedra,1929-04-12 03:16:42
Linda,1903-01-14 00:30:43
Nadia,1918-01-02 09:03:30
Nedra,1998-06-06 03:35:49
Alan,1984-04-02 07:34:38
Nedra,1995-01-11 04:07:33
Kristina,1999-05-16 08:46:45
Lorraine,1933-12-01 12:15:39
Alan,1998-09-14 05:17:27
Mollie,1902-06-08 06:37:41
Olive,1919-10-27 12:19:45
Katrina,1904-06-01 04:34:36
Nedra,2018-11-24 03:47:12
Alan,2018-12-24 11:51:56
Mollie,1965-04-06 03:46:16
Voncile,2006-05-10 04:36:06
Catherine,1945-09-11 02:44:05
Mollie,1937-11-01 00:00:08
Valerie,1987-09-03 06:12:26
Mike,2005-12-09 00:31:51
Mike,1935-10-21 00:44:22
Catherine,1974-10-21 05:44:19
Elisha,2008-08-04 10:54:56
Elisha,1905-08-12 11:48:22
Catherine,1988-05-14 08:45:42
Olive,1900-11-28 02:59:36
Elisha,1901-07-26 05:08:26
Elisha,2007-09-01 01:10:58
Linda,1916-04-25 08:24:18
Nedra,2010-03-20 00:26:19
Clementine,2000-05-12 11:45:31
Linda,1942-12-23 07:30:30
Katrina,1939-12-10 00:05:11
Linda,1987-02-24 07:28:11
Katrina,2012-02-26 12:40:56
Voncile,1922-06-04 07:48:46
Daniel,1928-03-17 00:20:41
Elisha,1970-08-02 12:48:26
Katrina,1950-09-11 01:10:59
Nadia,2006-02-26 03:55:49
Catherine,1901-05-09 12:14:34
Voncile,1900-02-23 01:35:55
Clementine,2016-07-05 00:13:00
Kristina,1949-04-07 04:08:57
Valerie,1963-08-09 08:52:26
Kanesha,2004-09-01 03:16:42
Nadia,1983-03-11 12:43:16
Alan,2013-07-15 08:59:00
Kanesha,1993-12-12 10:03:20
Nadia,1910-02-15 11:39:55
Nedra,1950-10-09 09:58:57
Alan,1933-07-18 08:18:03
Olive,2016-07-14 07:16:51
Linda,1988-08-23 00:33:27
Linda,1965-10-05 08:15:29
Nadia,1975-06-11 12:37:18
Katrina,1992-07-09 08:10:33
Katrina,1947-03-05 02:57:10
Katrina,2014-02-06 10:01:39
Catherine,1923-10-20 00:20:51
Voncile,1924-06-12 02:53:46
Kristina,1928-04-23 06:03:31
Valerie,1907-02-26 10:29:02
Daniel,1974-08-12 04:50:35
Mike,1907-08-24 06:33:02
Linda,1944-05-09 03:29:43
Kristina,1987-04-26 04:07:32
Elisha,1979-08-15 02:20:51
Mike,1906-11-05 00:42:22
Valerie,1955-08-04 09:26:05
Valerie,1922-11-19 08:24:09
Nadia,1912-01-14 01:58:23
Linda,1910-01-16 04:13:54
Kristina,1951-08-15 09:23:14
Lorraine,2015-09-22 00:06:09
Clementine,1991-07-26 00:12:59
Daniel,1954-10-19 02:17:35
Elisha,1916-01-28 01:47:53
Mike,1958-08-13 11:34:58
Nadia,1979-10-18 06:01:40
Alan,1988-03-08 05:33:50
Clementine,1987-01-19 04:48:08
Mike,1938-02-25 11:36:23
Elisha,1923-09-03 11:33:55
Linda,1975-03-06 00:38:13
Nedra,1971-04-22 12:07:14
Daniel,1952-06-06 02:35:36
Linda,1978-02-17 06:47:28
Alan,1940-07-24 09:23:17
Linda,2012-08-26 01:29:38
Valerie,1971-10-23 06:38:37
Nadia,1911-02-23 00:59:16
Kanesha,1960-09-16 10:38:42
Kristina,1973-06-24 06:15:36
Catherine,2001-05-22 09:30:05
Catherine,1995-02-05 09:12:09
Linda,1908-04-16 06:05:11
Kristina,1907-06-17 07:49:16
Olive,1916-08-03 01:47:29
Daniel,1929-06-09 12:25:41
Elisha,1976-07-12 09:40:30
Catherine,1971-03-28 03:47:07
Kristina,1982-01-05 12:40:57
Nedra,1974-02-09 03:42:35
Katrina,1961-04-07 09:21:33
Nedra,2009-07-28 10:46:47
Valerie,2006-11-10 02:20:40
Daniel,1969-03-10 02:02:00
Elisha,1975-11-09 12:11:58
Nedra,1964-01-18 01:48:55
Nadia,1937-12-06 04:04:14
Elisha,1923-09-12 01:00:41
Kristina,1954-11-04 05:11:12
Valerie,1904-04-02 05:12:27
Alan,1982-03-19 03:04:38
Nadia,1986-02-03 00:46:05
Valerie,1933-09-27 06:20:39
Clementine,1992-04-24 05:12:15
Mike,1953-11-13 02:44:38
Kanesha,1904-09-24 08:14:59
Valerie,1967-09-03 04:39:16
Catherine,1965-08-25 02:52:48
Kristina,1953-11-10 09:52:42
Olive,1958-07-08 02:24:20
Kristina,1974-03-28 11:01:04
Mollie,1919-12-06 06:15:03
Olive,1935-04-05 00:13:34
Daniel,2002-07-03 03:23:35
Linda,1965-08-06 04:17:01
Kanesha,1993-05-12 07:17:54
Alan,1914-09-25 09:12:48
Elisha,2014-02-15 10:34:08
Kanesha,1947-10-14 01:07:38
Daniel,1939-09-24 09:07:25
Daniel,1920-03-15 12:19:29
Katrina,1957-06-08 08:51:08
Catherine,1994-11-10 01:07:48
Kristina,1920-01-02 12:55:13
Lorraine,1906-08-22 01:49:46
Nedra,1915-11-06 12:28:35
Elisha,1947-06-18 07:02:21
Voncile,2003-07-12 00:16:18
Elisha,2013-04-13 05:57:20
Mike,1967-09-14 01:19:15
Mike,1989-03-23 10:59:30
Catherine,1947-11-21 06:46:53
Nadia,2009-02-08 08:15:04
Mike,1935-11-03 03:46:00
Clementine,1927-12-07 12:46:12
Elisha,1995-03-20 01:52:26
Nedra,2010-11-08 04:39:01
Olive,1965-07-09 10:12:23
Linda,1933-12-23 03:52:45
Mollie,1996-04-01 01:02:11
Kanesha,1968-02-18 11:26:51
Kanesha,1978-06-10 05:09:34
Olive,1982-11-04 07:48:51
Mike,1978-11-17 07:38:05
Elisha,1967-10-12 12:48:17
Nadia,2000-04-13 08:17:05
Voncile,1998-02-22 10:33:23
Nadia,1976-01-28 06:35:48
Olive,1950-10-03 07:14:39
Daniel,1960-08-10 01:58:56
Kanesha,1983-01-27 00:41:53
Kristina,1915-08-13 07:39:40
Lorraine,1953-05-17 00:17:32
Catherine,1968-01-14 12:18:19
Catherine,1914-01-24 11:15:58
Clementine,1971-01-16 01:32:31
Nedra,1915-02-05 07:04:42
Valerie,1952-12-16 11:55:01
Linda,2018-01-25 08:03:15
Katrina,1914-11-19 07:08:32
Catherine,1964-12-09 02:56:18
Nedra,2011-01-19 06:46:36
Kristina,1904-06-01 08:42:24
Voncile,1990-02-06 04:08:45
Daniel,1965-07-27 01:30:58
Katrina,1982-12-24 11:40:52
Kristina,1946-01-27 11:11:35
Alan,1958-02-09 02:28:15
Kanesha,1910-10-04 12:30:30
Elisha,1938-11-11 03:40:52
Nedra,1917-03-26 07:57:57
Alan,2017-04-08 07:15:24
Mollie,1916-07-05 02:49:23
Valerie,1983-07-09 10:34:50
Lorraine,1917-11-25 01:43:50
Kanesha,1949-05-04 04:11:06
Lorraine,1920-03-12 03:44:15
Kanesha,2002-01-09 04:38:48
Olive,1907-09-12 00:40:24
Mollie,1904-02-10 03:51:08
Mollie,1943-08-22 09:40:15
Daniel,1980-06-10 10:42:06
Alan,1993-11-19 00:10:45
Lorraine,1990-10-18 08:51:43
Elisha,2010-12-19 09:43:44
Catherine,1912-08-12 08:35:42
Nedra,1994-06-24 08:24:34
Linda,1997-08-28 08:23:13
Catherine,2003-09-11 04:27:31
Alan,1905-01-09 11:46:16
Katrina,1984-01-13 04:38:16
Alan,1918-11-12 11:16:14
Olive,2000-05-08 00:22:40
Kristina,1985-01-03 08:18:57
Valerie,1957-09-11 01:28:13
Linda,1995-09-04 00:43:11
Linda,1977-09-27 10:45:03
Lorraine,1942-01-15 05:21:01
Katrina,1914-04-12 04:48:13
Daniel,1912-05-22 08:36:27
Mike,1970-03-10 11:25:24
Nedra,1922-07-12 01:44:26
Alan,1999-01-22 07:38:01
Mollie,1957-10-28 10:21:06
Nedra,1986-08-20 03:26:11
Valerie,1905-07-20 00:01:57
Linda,1904-11-22 05:17:19
Valerie,1964-01-07 12:07:57
Daniel,1973-07-23 05:25:25
Mike,1963-06-10 08:13:46
Nedra,1989-04-03 03:24:22
Catherine,2019-10-26 11:44:30
Voncile,1904-07-11 10:59:10
Voncile,2014-10-12 11:40:36
Kristina,1944-08-26 01:28:26
Kanesha,1983-02-12 12:31:06
Nadia,1962-08-03 03:48:56
Lorraine,1955-11-28 09:47:45
Nadia,1953-08-11 07:21:06
Mollie,1952-11-06 03:05:21
Daniel,1986-12-25 12:45:53
Kanesha,2004-12-16 05:30:11
Nadia,2011-06-26 00:13:33
Linda,2009-08-10 00:40:51
Linda,1987-08-05 12:10:38
Elisha,1937-02-13 07:50:10
Clementine,1946-09-23 11:24:21
Catherine,1904-08-23 10:24:40
Voncile,1921-01-01 11:16:36
Valerie,1982-08-22 09:05:51
Nedra,2018-06-04 12:46:22
Mollie,1967-04-18 01:53:51
Elisha,1971-06-24 05:46:42
Mike,1956-05-07 08:43:23
Clementine,2018-04-13 08:49:19
Kanesha,1950-11-21 09:20:28
Alan,1922-10-01 07:56:02
Voncile,1975-07-17 06:21:34
Kanesha,1937-09-09 10:52:18
Lorraine,2009-08-24 07:17:59
Kristina,1918-03-04 05:13:25
Linda,2013-11-08 12:49:57
Daniel,1959-04-11 08:36:18
Catherine,1967-08-28 05:13:12
Nadia,1979-11-13 07:29:17
Olive,1960-06-03 01:43:14
Kanesha,2012-08-22 10:53:22
Clementine,1956-12-02 07:50:16
Nadia,1933-11-20 01:23:22
Katrina,2012-05-05 06:25:52
Linda,1987-08-27 12:16:23
Linda,1984-01-20 12:48:08
Nadia,1956-09-01 04:19:35
Nedra,1902-01-10 06:42:45
Kanesha,1938-07-07 08:12:03
Voncile,1978-08-20 06:22:09
Linda,1917-11-01 02:57:28
Kanesha,1957-11-08 04:32:12
Elisha,1962-07-09 05:08:50
Kristina,1936-10-27 01:03:12
Linda,1951-01-19 00:51:39
Catherine,1949-11-09 06:33:23
Daniel,1902-05-24 00:55:56
Nadia,1985-10-20 08:10:34
Kristina,1915-10-22 03:32:50
Valerie,1988-06-05 12:06:23
Nadia,1982-12-11 02:40:02
Kanesha,1958-01-28 01:46:08
Linda,2003-01-12 01:44:49
Olive,2006-12-06 01:38:14
Elisha,1909-03-14 07:39:30
Nadia,2000-03-23 07:18:18
Olive,2010-11-19 08:15:08
Alan,1952-04-25 11:33:21
Valerie,1922-07-23 10:03:47
Kristina,1962-09-01 07:37:33
Nadia,1978-01-06 08:57:29
Nadia,1977-11-03 07:43:33
Mike,1942-10-22 05:01:30
Clementine,1923-12-15 04:48:10
Mike,1935-05-20 09:26:12
Voncile,1931-12-10 08:12:51
Voncile,1906-02-12 03:08:25
Elisha,1905-09-21 05:28:56
Clementine,1947-04-18 00:21:44
Kanesha,1921-06-12 05:00:56
Mike,2008-09-24 07:05:37
Valerie,1929-02-17 04:21:26
Kristina,2007-07-16 02:31:12
Kanesha,1988-07-19 00:38:18
Alan,1971-02-04 03:13:45
Nadia,1950-08-25 00:46:41
Alan,1987-02-09 06:52:17
Kristina,1938-02-04 09:21:10
Kristina,1943-04-07 08:31:57
Daniel,1933-09-06 09:05:03
Daniel,1979-02-25 10:08:16
Olive,2009-08-26 02:04:24
Mike,1907-08-25 00:22:03
Kristina,1930-05-07 11:09:33
Alan,2007-06-26 07:02:42
Voncile,1995-04-18 04:19:23
Katrina,1941-02-07 08:19:34
Kristina,1942-06-06 03:58:48
Mollie,1918-10-14 03:30:15
Alan,1945-05-15 10:27:32
Mike,1969-04-02 06:05:13
Elisha,1960-06-05 08:44:35
Kanesha,1919-10-28 05:47:11
Valerie,1964-02-26 03:54:19
Nadia,1953-02-12 08:39:16
Voncile,1954-12-16 05:26:33
Linda,1976-03-19 12:36:50
Alan,1928-03-07 04:08:49
Catherine,1974-04-24 12:31:27
Kristina,1919-12-10 12:31:57
Olive,2006-07-01 09:14:09
Nedra,1940-06-17 11:25:58
Mike,1978-11-04 09:51:45
Nadia,1914-09-28 11:42:01
Linda,1907-07-12 09:29:17
Catherine,1915-05-24 07:54:27
Mollie,1978-04-03 01:46:31
Voncile,1935-10-07 00:18:09
Linda,1919-06-12 03:59:42
Lorraine,1952-01-21 10:50:52
Kristina,1909-05-27 07:33:02
Daniel,1918-10-27 05:13:22
Elisha,2001-06-23 02:58:35
Catherine,1954-09-13 04:21:35
Mike,1982-02-22 01:44:14
Mollie,1951-02-03 03:33:21
Lorraine,1938-12-22 07:14:35
Kristina,1950-11-04 01:24:05
Alan,1988-09-01 02:26:40
Lorraine,1907-07-02 04:34:42
Valerie,2001-11-11 10:51:00
Linda,1929-10-11 11:56:28
Clementine,1966-08-08 06:24:59
Daniel,1998-01-11 03:21:55
Voncile,1975-07-21 11:02:23
Katrina,1973-07-28 06:44:48
Daniel,1989-04-22 10:23:32
Clementine,1976-02-17 06:06:44
Olive,1976-02-05 04:32:45
Kristina,1990-09-01 03:23:50
Elisha,1913-07-07 07:13:58
Nadia,1913-08-20 11:47:28
Voncile,1971-06-05 10:25:15
Mike,2002-04-20 03:23:30
Kristina,1902-06-27 09:54:10
Valerie,1964-04-04 00:18:48
Linda,2000-12-20 08:52:57
Mike,1913-07-26 09:56:56
Mike,1997-05-28 07:49:56
Daniel,1918-08-21 03:18:58
Kanesha,1920-11-08 06:40:09
Mollie,1903-10-15 12:52:13
Olive,1963-01-22 09:10:42
Mollie,1953-04-10 12:23:36
Mollie,1977-05-23 11:45:05
Kanesha,1940-06-13 09:43:55
Clementine,1986-12-01 00:37:33
Alan,1936-09-01 03:59:49
Catherine,1990-06-03 00:55:23
Daniel,1910-02-16 02:11:41
Lorraine,1930-12-27 01:47:17
Voncile,1977-07-27 05:50:19
Voncile,1934-04-22 09:53:47
Daniel,1953-06-18 11:08:20
Mike,1908-05-15 01:00:03
Katrina,2018-06-18 10:06:20
Mike,1985-11-27 10:36:28
Linda,1979-10-09 10:03:04
Lorraine,1993-05-21 11:15:03
Catherine,1924-07-16 06:58:24
Lorraine,1947-02-16 10:48:44
Katrina,1923-03-15 03:10:44
Mollie,1963-04-10 09:17:44
Nedra,1935-04-15 12:13:02
Kristina,1921-07-15 02:04:46
Clementine,2007-11-08 00:23:07
Mollie,1957-08-09 03:16:49
Olive,1950-10-20 00:44:44
Katrina,1990-04-09 11:04:31
Clementine,1982-11-27 05:23:16
Lorraine,1914-02-20 07:13:49
Mike,2017-10-21 03:51:18
Alan,1990-12-02 02:14:33
Linda,1932-09-26 09:04:45
Clementine,1912-09-26 08:31:26
Nedra,2012-01-24 11:31:02
Katrina,1968-10-25 01:19:42
Daniel,1927-02-19 00:00:13
Mollie,1975-06-17 05:41:41
Lorraine,1925-04-19 03:35:28
Catherine,1957-10-15 08:21:51
Nadia,1988-09-26 02:55:17
Lorraine,1948-12-20 08:29:22
Lorraine,1941-03-06 07:20:52
Kristina,1902-08-10 04:35:39
Katrina,1980-05-09 09:01:32
Mike,1993-05-16 10:35:08
Kanesha,1958-11-16 12:41:51
Nedra,1912-03-20 08:19:00
Nedra,1916-08-24 03:26:38
Daniel,1960-03-25 06:08:27
Voncile,1933-04-07 08:11:07
Linda,2000-04-18 06:26:52
Kanesha,1983-12-18 07:55:24
Clementine,1951-03-13 08:09:04
Kristina,1909-07-01 11:10:23
Mike,2012-08-09 06:53:13
Clementine,2007-12-01 03:41:17
Elisha,1964-08-26 09:19:03
Nedra,2005-12-15 06:16:42
Daniel,1978-06-16 09:54:20
Linda,2012-12-05 00:57:49
Alan,1955-10-12 09:47:58
Valerie,1921-10-10 07:37:17
Nedra,1996-05-09 00:36:08
Kanesha,1919-08-26 10:11:37
Mike,2018-05-27 12:22:50
Nedra,2010-03-09 00:43:55
Daniel,1966-02-24 00:56:08
Kristina,2002-05-21 06:04:43
Lorraine,1956-05-22 00:20:50
Catherine,1928-10-16 09:07:58
Clementine,1972-09-16 07:32:31
Elisha,1942-11-21 07:49:27
Elisha,1979-01-14 09:47:43
Elisha,1912-08-03 06:07:34
Catherine,1910-07-16 02:42:43
Katrina,1979-08-26 05:35:06
Olive,2011-08-08 09:35:05
Linda,1986-06-25 05:57:12
Catherine,1935-05-16 06:42:02
Katrina,2016-01-13 11:50:45
Elisha,1941-07-08 04:52:46
Olive,1932-06-20 06:45:11
Valerie,1961-02-21 11:40:59
Daniel,1916-06-25 02:13:06
Olive,1971-11-24 03:17:52
Catherine,1924-10-23 03:06:32
Catherine,1994-05-02 01:10:07
Linda,1975-08-09 05:40:19
Valerie,1912-05-26 07:46:07
Mike,1974-05-22 12:09:42
Katrina,1916-02-06 07:43:50
Elisha,1972-06-12 10:41:16
Lorraine,2000-12-20 06:48:43
Daniel,1972-08-25 12:42:30
Kristina,1943-01-02 06:26:53
Alan,2007-03-07 08:49:59
Linda,1946-11-08 02:19:00
Daniel,1923-05-28 01:36:02
Voncile,1914-10-18 06:21:56
Nadia,1983-05-08 06:06:38
Nedra,1951-08-03 00:36:09
Mollie,2003-03-18 10:45:08
Clementine,1983-04-17 12:48:17
Kristina,1984-04-18 08:41:04
Nadia,1922-11-26 02:14:45
Voncile,1947-11-08 11:41:10
Mike,1948-02-21 07:38:22
Daniel,1901-08-07 07:42:30
Linda,2004-02-26 11:12:46
Valerie,1951-03-06 08:37:04
Voncile,1902-09-17 10:57:11
Valerie,1932-12-28 04:46:11
Nadia,2019-12-10 01:50:26
Catherine,1968-10-05 07:32:25
Mike,1959-04-12 05:53:35
Alan,1938-04-15 00:08:12
Valerie,1936-06-22 06:01:01
Nedra,1909-05-28 05:38:48
Mike,1936-07-02 01:14:42
Katrina,1993-11-20 08:49:46
Catherine,1950-04-11 07:30:53
Mike,1984-07-09 09:15:13
Clementine,1958-12-15 07:11:17
Lorraine,2008-08-11 00:46:34
Olive,1990-10-26 03:00:02
Voncile,1930-03-13 08:06:59
Voncile,1963-01-23 09:45:25
Catherine,1907-06-17 06:24:13
Katrina,1941-11-10 12:37:42
Alan,1939-08-10 06:10:47
Mike,1963-03-11 09:15:32
Voncile,1996-05-19 11:31:18
Valerie,1973-08-05 05:06:08
Katrina,1921-08-26 02:06:46
Olive,1969-10-17 06:21:22
Linda,2002-04-22 07:03:29
Kristina,1989-07-10 11:26:20
Linda,2008-06-19 12:49:19
Mike,1921-02-04 12:46:15
Kanesha,1921-06-15 05:41:27
Daniel,1991-08-06 09:54:56
Daniel,2004-02-09 04:19:12
Nadia,1925-05-21 03:26:08
Nadia,2010-06-25 11:44:29
Katrina,1941-10-27 00:13:20
Clementine,1996-10-08 07:21:18
Elisha,1999-08-20 06:00:32
Lorraine,2009-02-28 12:03:25
Kristina,1941-08-23 04:56:53
Valerie,1990-06-01 10:53:47
Mike,2005-02-18 01:39:00
Catherine,1913-01-06 11:43:04
Alan,1958-11-24 01:01:54
Elisha,1902-09-19 03:46:23
Elisha,2019-07-12 09:05:01
Linda,1971-05-24 06:56:24
Mike,1969-08-12 07:17:35
Lorraine,2007-05-18 09:51:16
Nadia,1911-09-24 04:25:49
Mollie,1989-03-02 00:21:31
Olive,1966-03-28 08:25:45
Clementine,1903-04-07 12:54:43
Clementine,1905-09-15 02:01:35
Valerie,1937-05-08 00:39:58
Valerie,1948-12-12 06:08:25
Katrina,1955-02-24 09:20:20
Voncile,1921-06-23 05:07:07
Nedra,1955-07-26 06:38:22
Lorraine,1979-02-06 08:34:30
Daniel,1944-11-15 01:12:08
Daniel,1901-01-15 08:44:58
Mike,1937-01-15 08:37:13
Daniel,1938-06-14 04:52:13
Voncile,1970-01-22 03:30:50
Voncile,2015-08-24 10:53:08
Mike,1928-06-26 06:36:44
Kanesha,1949-06-04 01:27:01
Kanesha,1960-12-24 09:45:55
Nadia,1934-02-20 05:18:12
Daniel,1919-02-28 10:38:35
Mike,1999-07-21 06:13:04
Katrina,1989-01-04 02:58:14
Voncile,1924-02-02 07:55:24
Alan,1976-11-26 11:23:45
Elisha,1905-11-12 01:47:31
Mollie,1963-09-06 05:03:36
Olive,1972-08-23 04:51:46
Valerie,1905-05-24 01:46:57
Mike,1962-08-24 01:40:02
Lorraine,1986-09-25 12:48:28
Voncile,1986-06-12 05:03:25
Lorraine,1941-01-12 12:44:50
Katrina,1950-07-28 10:43:19
Clementine,1933-01-23 12:34:13
Olive,2008-07-20 07:05:51
Voncile,1999-02-05 11:43:45
Catherine,2007-03-22 02:57:21
Nadia,1974-01-24 00:36:25
Daniel,1953-03-08 02:36:57
Olive,2010-08-09 12:44:53
Kristina,2019-05-06 03:00:43
Valerie,1902-01-02 08:58:21
Nedra,1928-04-02 10:13:27
Nadia,1987-08-10 08:41:54
Katrina,1928-08-23 06:20:19
Nadia,1967-09-05 08:27:53
Nadia,1979-09-03 05:31:51
Mollie,1910-11-17 07:30:29
Katrina,1961-07-17 10:22:03
Elisha,1930-11-26 12:49:19
Nedra,1957-11-26 05:08:05
Valerie,1994-03-20 02:50:52
Katrina,1962-11-03 05:22:34
Daniel,1960-03-03 10:06:42
Elisha,1987-12-19 00:29:12
Voncile,1908-04-06 04:22:15
Nadia,1914-05-15 03:11:16
Olive,1981-07-14 06:57:10
Elisha,1986-05-13 12:56:20
Lorraine,1941-12-08 01:06:15
Mike,1912-03-15 11:27:49
Kanesha,1925-08-26 08:11:36
Valerie,1993-07-14 09:32:32
Linda,1921-10-02 01:33:28
Valerie,1925-08-28 09:27:00
Linda,1987-03-11 10:29:33
Elisha,1976-05-26 06:17:50
Catherine,1946-11-09 06:52:45
Katrina,1995-11-23 00:17:45
Elisha,1939-11-09 01:49:49
Clementine,1967-10-08 11:31:41
Mollie,1961-03-03 04:31:47
Kanesha,2015-09-12 00:38:20
Mike,1950-09-20 10:49:01
Nadia,1994-04-20 06:21:37
Elisha,1927-02-12 10:01:43
Kristina,1901-05-09 12:20:58
Linda,2001-01-28 11:29:13
Daniel,1964-01-25 09:00:09
Olive,1989-09-17 03:53:08
Mike,1912-10-18 11:16:20
Mollie,1951-05-16 12:11:04
Alan,1917-06-06 07:04:13
Elisha,1969-06-23 01:24:31
Nedra,1932-05-24 00:43:33
Olive,1962-06-05 03:57:46
Mike,1960-01-06 03:42:29
Mollie,1980-05-06 04:35:41
Nedra,1936-08-14 01:40:59
Daniel,1971-04-07 05:34:30
Kristina,1986-06-09 10:29:02
Catherine,1961-10-18 12:20:24
Catherine,1924-03-27 12:52:45
Kristina,1912-08-12 01:38:20
Lorraine,1938-04-17 11:20:19
Kristina,1971-07-28 07:56:25
